CustomerID,Name,Age,Gender,Region,Email
1,Reginald Green,36,Female,North,ericmueller@baldwin-cochran.com
2,Earl Perry,25,Male,North,ushaw@shaffer-nelson.org
3,Mary Wolf,48,Male,West,deniselopez@aguilar.com
4,Anna Bates,20,Male,North,jeremyfuller@yahoo.com
5,Edward Boyd,31,Female,North,cassandra09@reynolds.com
6,Carla Kim,27,Female,East,smarks@gmail.com
7,Richard Hernandez,22,Male,South,freemankathryn@jimenez-paul.net
8,Julian Burns,45,Male,West,jimenezdaniel@berry-edwards.com
9,Natalie Chen,64,Male,West,dthornton@hotmail.com
10,Rachael Walters,48,Female,South,omclaughlin@gmail.com
11,Jamie Bass,35,Male,North,tylergibbs@miller-greene.net
12,Tammy Martin,29,Male,East,daniel67@yahoo.com
13,Kristen Johnson,63,Female,North,jennifer19@yahoo.com
14,William Brady,56,Male,West,daniel80@hotmail.com
15,Dan Saunders,53,Male,South,pam74@yahoo.com
16,Gerald Patterson,61,Female,North,kennethadams@yahoo.com
17,Patricia Berry,30,Female,East,murphymarvin@morris.net
18,Christopher Ayala,58,Male,North,khill@gmail.com
19,Jeffrey Blackwell,23,Male,East,espinozakevin@johnson.biz
20,Julie Perez,36,Female,North,qporter@yahoo.com
21,Jennifer Johnston,37,Female,East,turnerangela@thomas.com
22,Dawn Miles,37,Male,North,bleonard@cox.org
23,Michael Long,28,Female,North,zmueller@gmail.com
24,Laura Smith,22,Male,East,justinmiller@yahoo.com
25,Fred Stout,63,Female,East,vrios@martinez.com
26,Louis Meza,42,Female,East,michelle78@diaz.com
27,Jessica Warren,33,Male,West,lauracooley@randall.com
28,Jordan Campbell,24,Male,West,samanthahernandez@davis.com
29,Daniel Shaw,31,Male,South,jennifermitchell@yahoo.com
30,Laura Harper,64,Male,North,blackwelljulie@yahoo.com
31,James Mcintyre,57,Male,West,josephhernandez@lopez.com
32,Jason Fisher,33,Female,East,jared76@hotmail.com
33,Tina Tucker,50,Male,North,antonio81@yahoo.com
34,Jennifer Gill,63,Female,East,phillipsjulie@yahoo.com
35,David Mendez,34,Male,North,james32@hill.com
36,Madison Ward,64,Female,East,pmartinez@alvarado.com
37,Scott Brown,42,Male,South,brandonunderwood@gmail.com
38,Joe Ross Jr.,39,Male,West,melodycherry@gmail.com
39,Noah Stevenson,29,Male,West,simmonsjoan@smith.com
40,Christopher Phillips,21,Female,North,diazmarcus@hotmail.com
41,Misty Haynes,39,Male,East,russelltheresa@hanna.info
42,Savannah Lawson,44,Male,East,dianawright@hayes.org
43,Jane Torres,27,Female,South,fleminglee@gmail.com
44,Robyn Ross,53,Male,West,sarah07@yahoo.com
45,Jacqueline Keller,55,Male,West,ghoward@hotmail.com
46,Dawn Floyd,42,Male,South,dmcdonald@white-gay.org
47,Dwayne Elliott,58,Male,North,janice72@yahoo.com
48,Jacob Santiago,19,Male,East,vhinton@bartlett.info
49,Michael Schneider,36,Female,East,samantha13@rowe-diaz.org
50,Stephanie Bailey,50,Female,West,alecwhite@yahoo.com
51,Jay Williams,36,Male,West,james82@murphy.com
52,Ms. Cynthia Soto,58,Male,South,donna11@hotmail.com
53,Mrs. Christina Burns,30,Female,East,hahnwilliam@hotmail.com
54,Jacqueline Gillespie,26,Male,West,vwalker@gmail.com
55,Mr. Jesse Krueger,27,Male,North,paul89@hotmail.com
56,Jenna Moore,46,Female,East,kurt14@hotmail.com
57,Eric Johnson,34,Male,West,jermaine22@harris.biz
58,Patricia Johnson,42,Male,East,shelly79@hotmail.com
59,Virginia West,52,Male,North,mholmes@perry.com
60,Roger Smith,40,Female,South,christopher08@hotmail.com
61,Shannon Gilbert,46,Female,North,urobinson@valenzuela.com
62,Andrea Torres,35,Female,East,jonesbenjamin@hotmail.com
63,Rachel Wilson,26,Male,South,garciadillon@hotmail.com
64,Tracy Levine,45,Male,East,estradalee@hotmail.com
65,Sophia Coleman,60,Male,East,laura77@gibson-kemp.org
66,Melissa Charles,42,Female,West,christinaaustin@yahoo.com
67,Nicholas Lawrence,25,Female,West,figueroanicole@johnston.net
68,Jason Nelson,22,Female,North,blairangela@jackson-wagner.org
69,Ronald Shaffer,22,Female,South,christopherjenkins@flynn-sanders.com
70,Richard Martin,53,Male,East,hromero@mata.com
71,Albert Wilson,22,Female,South,timothy01@yahoo.com
72,Mary Flores,18,Female,West,zachary77@brown.info
73,Martha Rosario,53,Male,East,hannah51@bell.com
74,Holly Mason,36,Male,North,sean75@jones-thomas.com
75,Lydia Larsen,65,Female,South,martinezmark@yahoo.com
76,Jeremy Nguyen,58,Female,West,robertbooker@gmail.com
77,Stephanie Rowe,45,Female,South,collinsmonica@gmail.com
78,Jared Perkins,62,Male,East,jnorton@hotmail.com
79,Brittany Barnes,59,Female,West,houstonsarah@yahoo.com
80,Michael Woodward,27,Male,North,alexisnelson@murray-patel.com
81,Amanda Abbott,46,Male,South,maria68@gmail.com
82,Katrina Lara,57,Female,South,david39@walker.com
83,David Spencer,59,Male,West,edwardbruce@hotmail.com
84,Antonio Mcfarland,65,Female,East,garyhernandez@yahoo.com
85,Shawn Taylor,34,Female,South,melvinroman@nelson.com
86,Darrell Wright,65,Male,North,jamie58@ward-lewis.com
87,Rebecca Richardson,41,Male,West,zmartin@yahoo.com
88,Charles Archer,32,Female,North,daniel28@davis-reilly.com
89,Karen Howell,29,Female,North,rmaddox@chavez.com
90,Lisa Smith,50,Female,South,michael47@hotmail.com
91,Eduardo Cole,54,Male,West,qwest@hotmail.com
92,Dennis Robinson,40,Female,South,jgould@yahoo.com
93,Michelle Carr PhD,24,Female,West,gbaker@shaw.org
94,Anthony Gonzales,55,Female,West,pbrooks@glover.biz
95,Joshua Stevens,23,Male,North,cassandra70@yahoo.com
96,Phyllis Garrett,19,Female,West,cassielewis@hotmail.com
97,April Simmons,29,Male,East,gregorywatkins@copeland-tanner.com
98,Lauren Smith,27,Male,West,xparker@gmail.com
99,Matthew Johnson,45,Male,East,brewersandra@yahoo.com
100,Dr. Larry Taylor DDS,41,Female,North,jonespatricia@beard.com
101,Kenneth Burgess,29,Female,West,xavierjohnson@king-nichols.com
102,Patrick Miller,55,Female,North,jason39@yahoo.com
103,Mallory Hill,35,Male,North,april60@meyer.com
104,Alexander Vasquez,26,Female,East,jamescisneros@gmail.com
105,David Marshall,42,Female,West,romeromichael@hotmail.com
106,Timothy Martinez,23,Female,West,justin70@yahoo.com
107,Mr. William Edwards,19,Male,West,brenda10@keller-stein.com
108,Catherine Walker,36,Female,South,paustin@yahoo.com
109,Christine Wilson,52,Female,South,ecruz@stewart.com
110,Katelyn Miller,35,Female,West,kathy73@ferrell.com
111,Joan Boyd,37,Male,East,aaron17@gmail.com
112,Megan Campbell,49,Female,North,qperry@eaton.biz
113,Kathy Smith,51,Female,East,danieldaniels@yahoo.com
114,Michele Ingram,50,Male,South,vincent22@gmail.com
115,Jeffery Hill,53,Male,East,aprilestrada@sherman.com
116,Kristy Callahan,59,Female,East,kelly58@ball.info
117,Patrick White,22,Female,South,allenjohn@lopez.com
118,Joel Harris,57,Male,South,linda11@cortez-scott.org
119,Brian Clark,21,Male,West,jonesjamie@long.org
120,Ann Williams,31,Male,East,gclark@jones.com
121,Michael Mcclain,64,Female,East,kelly15@booker.net
122,Mary Atkinson DVM,40,Female,West,alvarezkatherine@hotmail.com
123,Seth Garrett,18,Female,East,leechristopher@howard.org
124,Steven Hickman,53,Male,South,lyonsdestiny@henson.net
125,Sarah Adams,24,Male,West,tonyyu@yahoo.com
126,Jacob Osborn,21,Male,East,jasonrivas@jones.com
127,Laurie Trujillo,50,Female,East,sjones@mathis-gordon.com
128,Blake Gordon,65,Male,South,amanda78@yahoo.com
129,Jonathan Stewart,58,Female,South,tammy54@gmail.com
130,Paul Wheeler,59,Male,South,kenneth54@yahoo.com
131,Matthew Johnson,18,Male,East,ilynch@davis.com
132,Taylor Garrison,35,Female,North,mccannkim@compton.com
133,Paige Ray,52,Male,South,parkspaul@yahoo.com
134,Natalie Leon,56,Male,North,dianehodge@johnston.com
135,Robin Lewis,36,Female,West,fgutierrez@yahoo.com
136,Michael Berger,32,Female,West,ylynch@whitaker-palmer.info
137,Daniel Gallagher,61,Male,North,ronniebrown@yahoo.com
138,Maria Walsh,40,Female,North,zhogan@hotmail.com
139,Penny Sullivan,34,Male,East,perkinsstephen@bradley.com
140,Amy Diaz,33,Male,East,jamessmith@webb.com
141,Mary Santiago,55,Female,South,thompsondustin@wilson.com
142,Jordan Obrien,56,Male,West,jaredfarley@hotmail.com
143,Katherine Conner,59,Male,West,kingmolly@hicks.com
144,Nicholas Frost,57,Female,South,kporter@stevens.info
145,Hannah Jones,55,Male,East,patricknorman@jones-ford.com
146,Rebecca Price,24,Female,West,andrew31@jones.net
147,Felicia Davis,31,Female,South,lopezmatthew@payne-sellers.com
148,Craig Jimenez,45,Female,West,barbara33@hotmail.com
149,Mary Johnson DDS,60,Female,East,donnamccarthy@gmail.com
150,Roger Carlson,41,Female,North,janevazquez@nielsen.com
151,Christy Griffin,61,Female,North,alexis83@hotmail.com
152,Stacey Perez,42,Male,West,vgreen@gmail.com
153,Cynthia Hensley,60,Male,West,amandafisher@yahoo.com
154,Veronica Gibson,36,Male,West,allisongraham@hotmail.com
155,Bridget Roberts,26,Male,West,jerrywilson@moody.com
156,Steven Lee,55,Male,East,vgomez@morrison-rogers.org
157,Donna Wilson,43,Male,South,jessicaturner@garner.com
158,Loretta Wang,26,Male,North,megansexton@martinez-hopkins.biz
159,David Sanchez,38,Female,East,michaelstevens@gmail.com
160,Andrew Thomas,59,Female,North,ybrown@hotmail.com
161,Patricia Mercado,49,Female,East,basselizabeth@young-wilson.com
162,Haley Dickson,20,Male,North,epacheco@hotmail.com
163,Derrick Kline,32,Female,South,ericward@cantu.com
164,Drew Joyce,51,Male,East,zallen@hotmail.com
165,Matthew Russell,24,Male,North,chadpratt@price-welch.biz
166,Alicia Mullen,61,Female,East,sharpdana@hotmail.com
167,Donna Carrillo,25,Male,North,connorgarcia@russell-lawrence.biz
168,Betty Brennan,49,Male,East,omayer@zamora.info
169,Sarah Walters,58,Male,West,thompsonleah@reilly.com
170,Lisa Davidson,34,Female,West,ryanpatel@rogers-martinez.com
171,Brandon Ortiz,46,Female,West,ophillips@gmail.com
172,Stephanie Hensley,54,Male,East,grodriguez@hotmail.com
173,Richard Booth,58,Male,West,shelbynovak@hardy-hernandez.com
174,Chelsea Allen,47,Female,North,andrewbrown@hotmail.com
175,Christopher Shaffer,41,Male,North,michelelawson@ward-peters.org
176,Jamie Marquez,19,Male,East,davismiguel@blake-baker.com
177,Kathryn Mitchell,57,Male,North,erinroberts@hayes.info
178,Brittany Craig,19,Female,North,leeluke@hotmail.com
179,Amber Baker,42,Male,North,rachel17@martinez.org
180,Kimberly Orozco,40,Female,West,mhill@yahoo.com
181,Christina Krueger,42,Male,North,eharris@gmail.com
182,Paula Hughes,53,Female,North,dawsonstephen@gmail.com
183,Elizabeth Smith,45,Female,East,dcastro@bean.com
184,Craig Smith,48,Male,West,peggyreed@gmail.com
185,Christopher Johnson,60,Male,South,christophergarcia@yahoo.com
186,Bethany Horton,60,Female,West,philipgould@yahoo.com
187,Brian Dixon,25,Female,West,snyderkimberly@hotmail.com
188,Deborah Braun,41,Female,East,dmontgomery@gmail.com
189,Alexander King,59,Male,South,posborne@harmon.org
190,Rachel Blackwell,65,Male,North,kathryn52@martinez.com
191,Colin Rivera,36,Female,South,marianelson@gmail.com
192,Candace Bennett,59,Male,North,tlang@hotmail.com
193,Michael Rivers,38,Male,East,matthew85@hotmail.com
194,James Collier,54,Male,South,qacosta@webster-gonzalez.biz
195,Joseph Smith,41,Female,South,megan32@barnett.com
196,Kelly Terry,42,Male,North,yburns@hotmail.com
197,Alejandro Nguyen,23,Female,South,rachel56@berry-mendez.biz
198,Maria Wilson,38,Female,West,zpeters@gmail.com
199,Carly Ibarra,53,Female,North,bklein@gmail.com
200,Geoffrey Lewis,39,Female,East,marilynjimenez@mullen.com
